<lifecycleMappingMetadata>
    <pluginExecutions>
        <pluginExecution>
            <pluginExecutionFilter>
                <goals>
                    <goal>transform</goal>
                    <goal>transform-runtime</goal>
                    <goal>transform-extended</goal>
                    <goal>transform-test</goal>
                </goals>
            </pluginExecutionFilter>
            <action>
                <execute>
                    <runOnIncremental>true</runOnIncremental>
                    <runOnConfiguration>true</runOnConfiguration>
                </execute>
            </action>
        </pluginExecution>
    </pluginExecutions>
</lifecycleMappingMetadata>
